l_english:
 # Province Groups
 beyond_the_wall_group: "Beyond the Wall"

 # Continents
 westeros: "Westeros"
 west_essos: "West Essos"
 dothraki_sea: "Dothraki Sea"
 ibben: "Ibben"
 central_essos: "Central Essos"
 faros: "Faros"
 east_essos: "East Essos"
 thousand_islands: "Thousand Islands"
 distant_essos: "Distant Esssos"
 summer_islands: "Summer Islands"
 naath: "Naath"
 sothoyros: "Sothoyros"
 ulthos: "Ulthos"
 
 # Special
 super_secret_land_area: "Super Secret Land"
 super_secret_region: "Super Secret Region"
 node_super_secret_land: "Super Secret Node"
 
 # Seas
 ocean_superregion: "Oceans"
 ocean_region: "Deep Ocean"
 
 summer_sea_region: "Summer Sea"
 bloodless_ocean_region: "Bloodsworn Ocean"
 shivering_sea_region: "Shivering Sea"
 westeros_sea_region: "Westerosi Coast"
 free_cities_sea_region: "Essosian Coast"
 ibben_sea_region: "Ibbenese Coast"
 omber_sea_region: "Omber Coast"
 ghiscari_sea_region: "Ghiscari Coast"
 yi_ti_sea_region: "Yitish Coast"
 nefer_sea_region: "Neferi Coast"
 summer_islands_sea_region: "Summer Shoals"
 sothoryos_sea_region: "Sothoryos"
 ulthos_sea_region: "Ulthos"
 
 north_summer_sea_area: "Northern Summer Sea"
 south_summer_sea_area: "Southern Summer Sea"
 west_shivering_sea_area: "West Shivering Sea"
 east_shivering_sea_area: "East Shivering Sea"
 bloodless_ocean_area: "Bloodsworn Ocean"
 summer_shoals_area: "Summer Shoals"
 east_sothoryos_sea_area: "East Sothoryos Sea"
 west_sothoryos_sea_area: "West Sothoryos Sea"
 valyrian_sea_area: "Valyrian Sea"
 narrow_sea_area: "Narrow Sea"
 west_westerosi_coast_area: "West Westerosi Coast"
 east_westerosi_coast_area:  "East Westerosi Coast"
 south_westerosi_coast_area: "South Westerosi Coast"
 stepstones_sea_area: "Stepstones Sea"
 volantis_coast_area: "Volantene Coast"
 north_essosian_coast_area: "Lorathi Coast"
 omber_coast_area: "Omber Coast"
 ibben_coast_area: "Ibbenese Coast"
 thousand_islands_coast_area: "Neferi Coast"
 bloodless_coast_area: "Bloodsworn Coast"
 ulthos_sea_area: "Ulthosi Sea"
 yi_ti_sea_area: "Yitish Sea"
 ghis_coast_area: "Ghiscari Sea"

 #######################
 # Beyond the Wall
 #######################
 region_beyond_the_wall: "Beyond the Wall"
 
 area_hardhome: "Hardhome"
 area_antler_vale: "Antler Vale"
 area_southern_frostfangs: "Southern Frostfangs"
 area_northern_frostfangs: "Northern Frostfangs"
 area_the_frozen_shore: "The Frozen Shore"
 area_land_of_always_winter: "Land of Always Winter"
 area_haunted_forest: "Haunted Forest"
 area_whitetree: "Whitetree"
 area_rookswatch: "Rookswatch"
 area_fist_of_the_first_men: "Fist of the First Men"
 area_the_gorge: "The Gorge"
 area_frigid_coast: "Frigid Coast"
 area_frozen_lakes: "Frozen Lakes"
 area_frigid_tundra: "Frigid Wastes"
 area_weeping_waters: "Weeping Waters"
 area_blacktree: "Blacktree"
 area_chilling_shore: "Frozen Wastes"
 area_frigid_hills: "Weeping Hills"
 
 #######################
 # Night's Watch
 #######################
 region_nights_watch: "The Night's Watch"
 
 area_shadow_tower: "Shadow Tower"
 area_the_nightfort: "The Nightfort"
 area_castle_black: "Castle Black"
 area_rimegate: "Rimegate"
 area_eastwatch_by_the_sea: "Eastwatch-by-the-Sea"
 area_the_gift: "The Gift"
 area_the_wall: "The Wall"
 area_skagg: "Skagg"
 
 #######################
 # The North
 #######################
 region_the_north: "The North"
 
 area_arrendell: "Arrendell"
 area_karhold: "Karhold"
 area_the_dreadfort: "The Dreadfort"
 area_winterfell: "Winterfell"
 area_deepwood: "Deepwood"
 area_bear_island: "Bear Island"
 area_the_rills: "The Rills"
 area_kings_course: "King's Course"
 area_moat_cailin: "Moat Cailin"
 area_fever: "Fever"
 area_cape_kraken: "Cape Kraken"
 area_dawnforest: "Dawnforest"
 area_white_harbor: "White Harbor"
 areea_sheepshead_hills: "Sheepshead Hills"
 
 #######################
 # The Riverlands
 #######################
 region_riverlands: "The Riverlands"
 
 freylands_area: "Freylands"
 stillfen_area: "Stillfens"
 the_forks_area: "The Three Forks"
 chiltern_area: "Chiltern"
 marlet_bay_area: "Marlet Bay"
 riverrun_area: "Riverrun"
 lolliston_area: "Lolliston"
 castlewood_area: "Castlewood"
 atranta_area: "Atranta"
 harrenhal_area: "Harrenhal"
 riverspring_area: "Riverspring"
 
 #######################
 # The Crownlands
 #######################
 region_crownlands: "The Crownlands"
 
 chyterring_brook_area: "Chyterring Brook"
 kings_landing_area: "King's Landing"
 farring_cross_area: "Farring Cross"
 bywater_area: "Bywater"
 stonedance_area: "Stonedance"
 dragonstone_area: "Dragonstone"
 duskendale_area: "Duskendale"
 rayonet_area: "Rayonet"
 antlers_area: "Antlers"
 rooks_rest_area: "Rook's Rest"
 the_whispers_area: "Crackclaw Isles"
 
 #######################
 # The Stormlands
 #######################
 region_stormlands: "The Stormlands"
 
 tarth_area: "Tarth"
 haystack_hall_area: "Haystack Hall"
 felwood_area: "Felwood"
 storms_end_area: "Storm's End"
 amberly_area: "Amberly"
 adderdell_area: "Adderdell"
 stonehelm_area: "Stonehelm"
 rainwood_area: "Rainwood"
 estermont_area: "Estermont"
 wrathrock_area: "Wrathrock"
 
 #######################
 # The Iron Islands
 #######################
 region_iron_islands: "The Iron Islands"
 
 pyke_area: "Pyke"
 saltcliffe_area: "Saltcliffe"
 orkmont_area: "Orkmont"
 blacktyde_area: "Blacktyde"
 harlaw_hill_area: "Harlaw Hill"
 hammerhorn_area: "Hammerhorn"
 old_wyk_area: "Old Wyk"
 lonely_light_area: "Lonely Light"
 
 #######################
 # The Vale
 #######################
 region_vale: "The Vale"
 
 wickenden_area: "Wickenden"
 blood_gate_area: "Blood Gate"
 the_eyrie_area: "The Eyrie"
 hearts_home_area: "Heart's Home"
 gulltown_area: "Gulltown"
 ironoaks_area: "Ironoaks"
 longbow_hall_area: "Longbow Hall"
 coldwater_burn_area: "Coldwater Burn"
 the_paps_area: "The Paps"
 pebble_area: "Pebble"
 the_sisters_area: "The Sisters"
 bite_coast_area: "Bite Coast"
 
 #######################
 # The Reach
 #######################
 region_reach: "The Reach"
 
 the_arbor_area: "The Arbor"
 the_shield_islands_area: "The Shield Islands"
 three_towers_area: "Three Towers"
 oldtown_area: "Oldtown"
 uplands_area: "Uplands"
 brightwater_keep_area: "Brightwater Keep"
 horn_hill_area: "Horn Hill"
 highgarden_area: "Highgarden"
 nightsong_area: "Nightsong"
 summerhall_area: "Summerhall"
 yelshire_area: "Yelshire"
 holyhall_area: "Holyhall"
 hastwyck_area: "Hastwyck"
 roseford_area: "Roseford"
 the_ring_area: "The Ring"
 bitterbridge_area: "Bitterbridge"
 ivy_hall_area: "Ivy Hall"
 coldmoat_area: "Coldmoat"
 dosk_area: "Dosk"
 redwater_keep_area: "Redwater Keep"
 
 #######################
 # The Westerlands
 #######################
 region_westerlands: "The Westerlands"
 banefort_area: "Banefort"
 glitterdell_area: "Glitterdell"
 oxcross_area: "Oxcross"
 goldshire_area: "Goldshire"
 deepden_area: "Deepden"
 wythers_area: "Wythers"
 lonmont_area: "Lonmont"
 hawthorne_area: "Hawthorne"
 lannisport_area: "Lannisport"
 casterly_rock_area: "Casterly Rock"
 fair_isle_area: "Fair Isle"
 # Provincegroup name
 goldroad: "The Goldroad"
 
 #######################
 # Dorne
 #######################
 region_dorne: "Dorne"
 
 wyl_area: "Wyl"
 yronwood_area: "Yronwood"
 skyreach_area: "Skyreach"
 blackmont_area: "Blackmont"
 sandstone_area: "Sandstone"
 great_desert_area: "Great Desert"
 ghaston_grey_area: "Ghaston Grey"
 godsgrace_area: "Godsgrace"
 the_tor_area: "The Tor"
 sunspear_area: "Sunspear"
 
 #######################
 # Stepstones
 #######################
 region_stepstones: "Stepstones"
 
 upper_stepstones_area: "Northern Stepstones"
 central_stepstones_area: "Central Stepstones"
 lower_stepstones_area: "Southern Stepstones"
 
 #######################
 # Tyrosh
 #######################
 region_tyrosh: "Tyrosh"
 
 tyrosh_area: "Tyrosh"
 tyrosh_mainland_area: "Tyroshi Farmlands"
 
 #######################
 # Lys
 #######################
 region_lys: "Lys"
 
 lysene_forest_area: "Lysene Forests"
 silkhead_area: "Silkhead"
 lys_area: "Lys"
 
 #######################
 # Volantis
 #######################
 region_volantis: "Volantis"
 
 the_orange_shore_area: "The Orange Shore"
 western_rhoyne_wetlands_area: "Rhoynish Wetlands"
 volantene_forests_area: "Rhoynish Forests"
 volantis_area: "Volantis"
 valyrian_road_area: "Road to Valyria"
 
 #######################
 # Rhoyne
 #######################
 region_rhoyne: "Rhoyne"
 
 valyrian_swampland_area: "Rhoynish Swamps"
 grass_passage_area: "Grassy Passage"
 eastern_rhoyne_wetlands_area: "Banks of the Royne"
 rhoyne_swampland_area: "Rhoynish Death Swamps"
 rhoyne_farmlands_area: "Rhoynish Drylands"
 sar_rhoy_area: "Sar Rhoy"
 
 #######################
 # Myr
 #######################
 region_myr: "Myr"
 
 myrwater_area: "Myrwater"
 myr_area: "Myr"
 vymolys_area: "Vymolys"
 lortyr_bay_area: "Lortyr"
 
 #######################
 # Pentos
 #######################
 region_pentos: "Pentos"
 
 samal_area: "Samal"
 velvetpeak_area: "Velvetpeak"
 seven_stars_area: "Andal Highlands"
 pentos_area: "Pentos"
 
 #######################
 # Braavos
 #######################
 region_braavos: "Braavos"
 
 andal_coast_area: "Andal Coast"
 braavosi_hills_area: "Braavosi Highlands"
 antaryonos_area: "Antaryonos"
 braavos_area: "Braavos"
 
 #######################
 # Lorath
 #######################
 region_lorath: "Lorath"
 east_andalos_area: "East Andalos"
 lorath_area: "Lorath"
 the_axe_area: "The Axe"
 
 #######################
 # Norvos
 #######################
 region_norvos: "Norvos"
 
 hugorvale_area: "Hugorvale"
 norvos_area: "Norvos"
 dark_hills_area: "Dark Hills"
 narros_area: "Narros"
 
 #######################
 # Qohor
 #######################
 region_qohor: "Qohor"
 
 sungrove_area: "Sungrove"
 qohor_area: "Qohor"
 qhoyne_area: "Qhoyne"
 qohorik_coast_area: "Qohorik Coast"
 
 #######################
 # Sarnor
 #######################
 region_sarnor: "Sarnor"
 
 # Saath
 saath_area: "Saath"
 saath_colonies_area: "Saathi Colonies"
 
 omber_bay_area: "Omber Bay"
 mintosh_area: "Mintosh"
 awazak_area: "Awazak"
 sarnath_area: "Sarnath"
 howling_bay_area: "Howling Bay"
 jhogur_area: "Jhogur"
 
 #######################
 # Dothraki Sea
 #######################
 region_dothraki_sea: "Dothraki Sea"
 vaes_jimma_area: "Vaes Jimma"
 vaes_leqse_area: "Vaes Leqse"
 walrus_point_area: "Walrus Point"
 ifequevron_forests_area: "Ifequevron Forests"
 western_dothraki_plains_area: "Plains of Os"
 southern_dothraki_plains_area: "Plains of Jano"
 vaes_dothrak_area: "Vaes Dothrak"
 eastern_dothraki_plains_area: "Plains of Timo"
 ibbish_colonies_area: "Ibbish Colonies"
 northern_wastes_area: "Reddish Drylands"
 wurzkai_area: "Qurzkai"
 hazdahn_area: "Hazdahn"

 #######################
 # Valyria
 #######################
 region_valyria: "Ruins of Valyria"
 
 # Mantarys
 mantarys_area: "Mantarys"
 elyria_area: "Elyria"
 tolos_area: "Tolos"
 the_demon_road_area: "The Demon Road"
 
 # Valyria
 lands_of_long_summer_area: "Lands of the Long Summer"
 ruins_of_valyria_area: "Ruins of Valyria"
 
 #######################
 # Slaver's Bay
 #######################
 region_slavers_bay: "Slaver's Bay"
 
 # Meereen
 meereen_area: "Meereen"
 malkai_area: "Malkai"
 khyzai_pass_area: "Khyzai"
 
 # Lhazar
 lhazosh_area: "Lhazosh"
 atakosh_area: "Atakosh"
 
 # Yunkai
 yunkai_area: "Yunkai"
 eraz_area: "Eraz"
 vadhadhan_area: "Vadhadhan"
 
 # Astapor
 astapor_area: "Astapor"
 gradzdhan_area: "Gradzdhan"
 dhozai_area: "Dhozai"
 velos_area: "Velos"
 
 # Ghis
 bone_coast_area: "Bone Coast"
 jagor_area: "Jagor"
 ghis_mainland_area: "Ruins of Ghis"
 sumbyar_area: "Sumbyar"
 new_ghis_area: "New Ghis"
 
 #######################
 # Ibben
 #######################
 region_ibben: "Ibben"
 
 ibben_islands_area: "Ib Thrakk"
 far_ib_area: "Ib Sar"
 ibben_mainland_area: "Ib Lok"
 tuskbay_area: "Ib Ess"
 ib_oss_area: "Ib Oss"
 
 #######################
 # Qarth
 #######################
 region_qarth: "Qarth"
 qarth_area: "Qarth"
 qartheen_wastes_area: "Wastes of Qarth"
 qartheen_holds_area: "Strongholds of Qarth"
 jade_point_area: "Jade Point"
 qal_area: "Qal"
 qar_ni_area: "Qar Ni"
 
 # Red Waste
 red_wastes_area: "The Red Wastes"
 red_shores_area: "The Burnt Shore"
 qarkash_area: "Qarkash"

 #######################
 # Faros
 #######################
 region_faros: "Faros"

 guuan_area: "Guuan"
 juun_area: "Juun"
 faros_area: "Faros"
 jabbour_area: "Jabbour"
 
 # Moraq
 port_moraq_area: "Port Moraq"
 kazemi_area: "Kazemi"
 hasih_area: "Hasih"
 isle_of_whips_area: "Isle of Whips"
 
 # Zabhad
 zabhad_area: "Zabhad"
 cinnamon_isles_area: "Cinnamon Isles"
 
 # Vahar
 nameless_isle_area: "Nameless Isle"
 vahar_area: "Vahar"
 hamil_area: "Hamil"
 dajani_area: "Dajani"
 
 #######################
 # Leng
 #######################
 region_leng: "Leng"
 
 # Eastern Islands
 jade_isle_area: "Jade Isle"
 manticore_isle_area: "Manticore Isle"
 sapphire_isle_area: "Sapphire Isle"
 
 southern_leng_area: "Southern Leng"
 central_leng_area: "Central Leng"
 northern_leng_area: "Northern Leng"
 
 #######################
 # Yi Ti
 #######################
 region_yi_ti: "Yi Ti"
 
 cape_of_yin_area: "Cape of Yin"
 the_jade_coast_area: "The Jade Coast"
 the_jade_jungles_area: "The Jade Jungles"
 the_yiti_delta_area: "The Yi Ti Delta"
 jinqu_area: "Jinqu"
 veltor_area: "Veltor"
 xin_area: "Xin"
 linqi_area: "Linqi"
 tiqui_area: "Tiqui"
 ramasar_area: "Ramasar"
 
 #######################
 ## Hyrkoon
 #######################
 region_hyrkoon: "Hyrkoon"
 
 # Asabhad
 asabhad_area: "Asabhad"
 avneiset_area: "Avneiset"
 abaj_area: "Abaj"
 
 # Bayasabhad
 sand_road_area: "Sandy Passage"
 bayasabhad_area: "Bayasabhad"
 
 # Samyriana
 stone_road_area: "Stone Passage"
 samyriana_area: "Samyriana"
 
 # Kayakayanaya
 kayakayanaya_area: "Kayakayanaya"
 matakur_area: "Matakur"
 
 #######################
 ## Dry Bones
 #######################
 region_dry_bones: "Dry Bones"
 
 # Trader Town
 the_great_sand_road_area: "Great Sand Road"
 the_great_steel_road_area: "Great Steel Road"
 trader_town_area: "Trader Town"
 
 # Jogos Plains
 leviathan_sound_area: "Leviathan Sound"
 kazga_area: "Kazga"
 
 # Nefer
 nefer_area: "Nefer"
 nesolat_area: "Nesolat"
 
 # Five Forts
 five_forts_area: "Five Forts"
 
 #######################
 # Thousand Islands
 #######################
 region_thousand_islands: "Thousand Islands"
 southern_thousand_islands_area: "Southern Thousand Islands"
 western_thousand_islands_area: "Western Thousand Islands"
 northern_thousand_islands_area: "Northern Thousand Islands"
 eastern_thousand_islands_area: "Eastern Thousand Islands"
 
 #######################
 ## Cannibal Sands
 #######################
 region_cannibal_sands: "Cannibal Sands"

 codemi_area: "Codemi"
 ratyx_area: "Ratyx"
 bonetown_area: "Bonetown"
 zorrec_area: "Zorrec"
 kdath_area: "K'Dath"
 
 #######################
 # Mossovy
 #######################
 region_mossovy: "Mossovy"
 northpoint_area: "Northpoint"
 sarkovli_area: "Sarkovli"
 rosovny_area: "Rosovny"
 sukovy_area: "Sukovy"
 kovovy_area: "Kovovy"
 zukovy_area: "Zukovy"
 pekovy_area: "Pekovy"
 
 #######################
 # Bloodlands
 #######################
 region_bloodlands: "Bloodless Lands"
 bloodless_cities_area: "Bloodless Cities"
 vekk_area: "Vekk"
 xanthu_area: "Xanthu"
 xes_area: "Xes"
 ondry_area: "Ondry"
 barasax_area: "Barasax"
 
 #######################
 # Shadowlands
 #######################
 region_shadowlands: "Shadowlands"
 asshai_area: "Asshai"
 tokkar_area: "Tokkar"
 izzet_area: "Izzet"
 komel_area: "Ko'mel"
 
 #######################
 # Carcosa
 #######################
 region_carcosa: "Carcosa"
 rikka_area: "Rikka"
 ornal_area: "Or'nal"
 arrus_area: "Arrus"
 ikzeruk_area: "Ikzeruk"
 mirok_area: "Mirok"
 ratkax_area: "Ratkax"
 govay_area: "Govay"
 carcosa_area: "Carcosa"
 
 #######################
 # Summer Islands
 #######################
 region_summer_islands: "Summer Islands"
 stone_head_area: "Stone Head"
 lotus_valley_area: "Lotus Valley"
 jalabuxon_area: "Jalabuxon"
 isle_of_women_area: "Isle of Women"
 tall_tree_town_area: "Tall Tree Town"
 koj_area: "Koj"
 isle_of_birds: "Isle of Birds"
 
 # Indigo Islands
 xhala_area: "Xhala"
 heartvale_area: "Heartvale"
 moluu_area: "Moluu"
 exile_islands_area: "Exile Islands"
 
 # Parrot Islands
 ebonhead_area: "Ebonhead"
 golden_mountains_area: "Golden Mountains"
 parrotshore_area: "Parrotshore"
 scarlethead_area: "Scarlethead"
 goldenheart_area: "Goldenheart"
 parrot_islands_area: "Parrot Islands"
 
 naath_area: "Naath"
 
 #######################
 # Sothoryos
 #######################
 region_sothoryos: "Sothoryos"
 
 hallpi_area: "Hallpi"
 lice_area: "The Lice"
 ax_isle_area: "Ax Isle"
 skull_island_area: "Skull Island"
 sothoryos_islands_area: "The Islands of Sothoryos"
 
 izel_area: "Izel"
 basi_area: "Basi"
 zamettar_area: "Zamettar"
 mazatl_area: "Mazatl"
 ozomatli_area: "Ozomatli"
 wyvern_point_area: "Wyvern Point"
 yaotl_area: "Yaotl"
 itztli_area: "Itztli"
 tlazopilli_area: "Tlazopilli"
 jaurosh_area: "Jaurosh"
 tenoch_area: "Tenoch"
 acampichtli_area: "Acampichtli"
 namacuix_area: "Namacuix"
 yolpilli_area: "Yolpilli"
 maxtla_area: "Maxtla"
 mecapilli_area: "Mecapilli"
 chipaxoch_area: "Chipaxoch"
 teuipilli_area: "Teuipilli"
 ahuitzotl_area: "Ahuitzotl"
 xihuinite_area: "Xihuinite"
 teyalotl_area: "Teyalotl"
 acolli_area: "Acolli"
 teipa_area: "Teipa"
 amoxlotl_area: "Amoxlotl"
 nopaltzin_area: "Nopaltzin"
 chipahua_area: "Chipahua"
 nenema_area: "Nenema"
 
 #######################
 # Ulthos
 #######################
 region_ulthos: "Ulthos"
 saffron_isle_area: "Saffron Isle"
 ulthos_isle_area: "Ulthos Isle"
 nkoeneane_area: "Nkoeneane"
 moreri_area: "Moreri"
 zithulele_area: "Zithulele"
 ndonsa_area: "Ndonsa"
 thatha_area: "Thatha"
 zandile_area: "Zandile"
 cilonga_area: "Cilonga"
 moselantja_area: "Moselantja"
 bongani_area: "Bongani"
 zonke_area: "Zonke"
 phindile_area: "Phindile"
 kholiwe_area: "Kholiwe"
 sechaba_area: "Sechaba"
 bheka_area: "Bheka"
 tlotilso_area: "Tlotilso"
 fowabo_area: "Fowabo"
 ulthos_area: "Ulthos"
 
 region_gemstone_islands: "Gemstone Islands"
 northern_gemstone_islands_area: "Northern Gemstone Islands"
 central_gemstone_islands_area: "Central Gemstone Islands"
 southern_gemstone_islands_area: "Southern Gemstone Islands"
 
 #beyond_the_wall_area_name: "Qozic"
 #beyond_the_wall_area_adj: "Qozic"

 # Colonial Regions
 colonial_sothoryos: "Sothoryos"
 colonial_ulthos: "Ulthos"
 
 # Superregion
 westeros_superregion: "Westeros"
 west_essos_superregion: "West Essos"
 central_essos_superregion: "Central Essos"
 far_essos_superregion: "Far Essos"
 distant_lands_superregion: "Exotic Lands"
 
 # Natives
 