l_english:
 #-----------------------
 # Westeros
 #-----------------------
 culture_ancient: "Ancient Beings"
 white_walkers: "The Others"
 
 culture_andal: "Andals"
 andal: "Andal"
 men_of_the_crownlands: "Crownlander"
 men_of_the_claw_isle: "Crackclawmen"
 men_of_the_stormlands: "Stormlander"
 men_of_the_westerlands: "Westerman"
 men_of_the_riverlands: "Riverlander"
 men_of_the_reach: "Reachman"
 men_of_the_vale: "Valeman"
 men_of_the_north: "Northman"
 ironborn: "Ironborn"
 followers_of_daenerys: "Followers of Daenerys"
 
 culture_first_men: "The First Men"
 first_men: "First Men"
 crannogmen: "Crannogmen"
 mountain_men: "Mountain Men"
 free_folk: "Wildling"
 skagosi: "Skagosi"
 
 culture_rhoynar: "Rhoynar"
 rhoyne: "Rhoynar"
 stonemen: "Stonemen"
 sand_dornish: "Sand Dornish"
 salt_dornish: "Salt Dornish"
 stone_dornish: "Stone Dornish"
 
 #-----------------------
 # West Essos
 #-----------------------
 culture_west_essos: "West Essos"
 tyroshi: "Tyroshi"
 myrish: "Myrman"
 lysene: "Lysene"
 
 culture_north_essos: "North Essos"
 braavosi: "Braavosi"
 lorathi: "Lorathi"
 norvosi: "Norvosi"
 qohorik: "Qohorik"
 pentoshi: "Pentosi"
 
 culture_east_essos: "East Essos"
 omber: "Omber"
 saathi: "Saathi"
 
 culture_south_essos: "South Essos"
 volantene: "Volantene"
 
 culture_pirates: "Pirates"
 corsairs: "Corsairs"
 
 culture_ifeqevron: "Ifeqevron"
 ifeqevron: "Ifeqevron"
 
 #-----------------------
 # Central Essos
 #-----------------------
 culture_valyrian: "Valyria"
 valyrian: "Valyrian"
 west_valyrian: "West Valyrian"
 elyrian: "Elyrian"
 tolosi: "Tolosi"
 mantarys: "Mantaryan"
 
 culture_lhazar: "Lhazar"
 lhazar: "Lhazareen"
 
 culture_ghiscari: "Ghiscari"
 meereen: "Meereenese"
 yunkai: "Yunkai"
 astapor: "Astapori"
 ghis: "Ghiscari"
 hazdahn: "Hazdahn"
 
 culture_qarth: "Qarth"
 qartheen: "Qartheen"
 
 culture_faros: "Farosi"
 farosi: "Farosi"
 vahari: "Vahari"
 moraqi: "Moraqi"
 zabhadi: "Zabhadi"
 
 #-----------------------
 # Nomadic
 #-----------------------
 culture_dothraki: "Dothraki"
 dothraki_culture: "Dothraki"
 
 culture_jogos_nhai: "Jogos Nhai"
 jogos_nhai: "Jogos Nhai"
 
 #-----------------------
 # East Essos
 #-----------------------
 culture_hyrkoon: "Hyrkooni"
 bayasabhad: "Bayasabhadi"
 samyriana: "Samyrianan"
 kayakayanaya: "Kayakayanayan"
 asabhad: "Asabhadi"
 
 culture_yi_ti: "Yi Ti"
 yitish: "Yitish"
 high_yitish: "High Yitish"
 low_yitish: "Low Yitish"
 jungle_yitish: "Jungle Yitish"
 lengii: "Lengii"
 
 culture_trader_town: "Trader Town"
 trader_town: "Trader Town"
 
 culture_nefer: "Nefer"
 nefer: "Neferi"
 
 #-----------------------
 # Islands
 #-----------------------
 culture_ibben: "Ibben"
 ibbenese: "Ibbenese"

 culture_naathi: "Naathi"
 naathi: "Naathi"
 
 culture_thousand_islands: "The Thousand Islands"
 fishfolk: "Fishfolk"
 
 culture_summer_isles: "The Summer Islands"
 qho: "Qho"
 xhaxos: "Xhaxos"
 onuxho: "Onuxho"
 xhorulu: "Xhorulu"
 luxho: "Luxho"
 moyne: "Moyne"
 mo: "Mo"
 tomburu: "Tomburu"
 enyaxho: "Enyaxho"
 jaluru: "Jaluru"
 qo: "Qo"
 gowonu: "Gowonu"
 xho: "Xho"
 biabuka: "Biabuka"
 
 #-----------------------
 # Tribal
 #-----------------------
 culture_sothoryos: "Sothoryos"
 sothoryosi: "Sothoryosi"
 
 culture_ulthos: "Ulthos"
 ulthosi: "Ulthosi"
 
 #-----------------------
 # Far Essos
 #-----------------------
 culture_asshai: "Asshai"
 asshai: "Asshai"
 
 culture_carcosa: "Carcosa"
 carcosan: "Carcosan"
 
 culture_bloodless: "Bloodless"
 bloodless: "Bloodless"
 
 culture_kdath: "K'Dath"
 kdathi: "K'Dathi"
 
 culture_shadowfolk: "Shadowfolk"
 shadowfolk: "Shadowfolk"
 
 culture_mossovy: "Mossovy"
 mossovi: "Mossovi"
 
 culture_cannibal_sands: "Cannibal Sands"
 cannibal: "Cannibal"
 
 